"Reference","Qty","Value","DNP","Exclude from BOM","Exclude from Board","Footprint","Datasheet","Description"
"C1","1","2.2nf","","","","Capacitor_THT:C_Disc_D3.0mm_W1.6mm_P2.50mm","","Unpolarized capacitor"
"C2,C3,C5,C7,C8,C9","6","0.1uf","","","","Capacitor_THT:C_Disc_D3.0mm_W1.6mm_P2.50mm","","Unpolarized capacitor"
"C4","1","10nf","","","","Capacitor_THT:C_Disc_D3.0mm_W1.6mm_P2.50mm","","Unpolarized capacitor"
"C6","1","1nf","","","","Capacitor_THT:C_Disc_D3.0mm_W1.6mm_P2.50mm","","Unpolarized capacitor"
"C10","1","100 nf","","","","Capacitor_THT:C_Disc_D3.0mm_W1.6mm_P2.50mm","","Unpolarized capacitor"
"D5,D6,D7,D8,D9,D10,D11,D12","8","D_Schottky","","","","Diode_THT:D_DO-41_SOD81_P7.62mm_Horizontal","","Schottky diode"
"J1","1","Conn_01x16_Socket","","","","Connector_PCBEdge:Samtec_MECF-08-01-NP-L-DV_2x08_P1.27mm_Socket_Horizontal","","Generic connector, single row, 01x16, script generated"
"J2,J3,J4","3","Conn_01x02_Socket","","","","Connector_PinHeader_2.54mm:PinHeader_1x02_P2.54mm_Vertical","","Generic connector, single row, 01x02, script generated"
"R1,R2","2","4.7k","","","","Resistor_THT:R_Axial_DIN0204_L3.6mm_D1.6mm_P5.08mm_Horizontal","","Resistor"
"R3","1","220 ohms","","","","Resistor_THT:R_Axial_DIN0204_L3.6mm_D1.6mm_P5.08mm_Horizontal","","Resistor"
"RV1","1","10kohms","","","","Potentiometer_THT:Potentiometer_ACP_CA9-H2,5_Horizontal","","Potentiometer"
"U1","1","LM35-NEB","","","","Package_TO_SOT_THT:TO-220-3_Vertical","http://www.ti.com/lit/ds/symlink/lm35.pdf","Precision centigrade temperature sensor, TO-220"
"U3","1","MPU-6050","","","","Sensor_Motion:InvenSense_QFN-24_4x4mm_P0.5mm","https://invensense.tdk.com/wp-content/uploads/2015/02/MPU-6000-Datasheet1.pdf","InvenSense 6-Axis Motion Sensor, Gyroscope, Accelerometer, I2C"
"U4","1","L298N","","","","Package_TO_SOT_THT:TO-220-15_P2.54x5.08mm_StaggerOdd_Lead4.58mm_Vertical","http://www.st.com/st-web-ui/static/active/en/resource/technical/document/datasheet/CD00000240.pdf","Dual full bridge motor driver, up to 46V, 4A, Multiwatt15-V"
"U5","1","ESP32-DEVKITM-1","","","","esp32devkit1:MODULE_ESP32-DEVKITM-1","","The ESP32-DevKitM-1 evaluation board by Espressif Systems is a development platform designed for wireless applications. Built around the ESP32-MINI-1 module, it features an Xtensa® dual-core 32-bit LX6 microprocessor running up to 240 MHz, offering processing power for complex tasks. The board supports 802.11 b/g/n Wi-Fi and Bluetooth® Smart Ready 4.x (BLE) connectivity at 2.4GHz, making it ideal for IoT and wireless communication projects. It comes with 4MB flash and offers 28 GPIOs with a rich set of peripherals, including USB, I2C, SPI, and PWM. Most I/O pins are broken out to pin headers for easy interfacing with external hardware. The PCB antenna ensures reliable wireless performance. This comprehensive development board is perfect for prototyping, testing, and developing wireless solutions."
"U6","1","ACS712xLCTR-30A","","","","Package_SO:SOIC-8_3.9x4.9mm_P1.27mm","http://www.allegromicro.com/~/media/Files/Datasheets/ACS712-Datasheet.ashx?la=en","±30A Bidirectional Hall-Effect Current Sensor, +5.0V supply, 66mV/A, SOIC-8"
